anio_mes,hectareas_bosques_nativos,avg_temp,avg_humidity,avg_rain,avg_wind_speed,riesgo_incendio,riesgo_incendio_num
1993-1,19043.870497351785,24.564516129032253,69.88387096774194,9.426387096774194,31.93870967741935,alto,3
1993-2,7100.617125004372,22.68214285714286,62.73214285714287,3.3234285714285714,27.039285714285715,alto,3
1993-3,2428.018349828828,22.748387096774195,73.61290322580645,3.9316451612903225,29.43870967741935,alto,3
1993-4,213.7264903261406,17.753333333333334,74.36,4.4290666666666665,29.683333333333334,medio,2
1993-5,253.1351969938953,13.454838709677414,72.50967741935483,1.4973548387096773,29.719354838709677,medio,2
1993-6,381.3114092864388,11.096666666666668,66.26333333333334,0.01,24.219999999999995,medio,2
1993-7,1157.9408245027066,8.941935483870969,57.66774193548388,0.09425806451612902,24.980645161290322,medio,2
1993-8,4017.6085387984135,13.261290322580644,45.670967741935485,0.09725806451612902,29.164516129032258,alto,3
1993-9,6380.023421659032,14.253333333333336,54.626666666666665,0.9553999999999999,29.286666666666672,alto,3
1993-10,4129.017866427297,18.60322580645161,66.64838709677419,0.9890000000000001,30.625806451612906,alto,3
1993-11,3624.3793994785165,20.84333333333333,64.14333333333333,6.206266666666667,34.846666666666664,alto,3
1993-12,11265.350880342578,23.170967741935478,65.01935483870967,5.5524516129032255,30.703225806451616,alto,3
1994-1,59616.09143843042,23.487096774193553,66.49677419354839,5.361870967741935,26.848387096774193,alto,3
1994-2,22228.20407502827,21.789285714285715,70.75357142857142,3.1286428571428573,23.935714285714287,alto,3
1994-3,7600.816440004197,20.80322580645161,64.5516129032258,1.833,28.996774193548383,alto,3
1994-4,669.0624152201536,17.603333333333335,68.64666666666668,3.809766666666667,28.203333333333333,medio,2
1994-5,792.4298294494118,16.003225806451614,80.9032258064516,0.6135806451612903,24.161290322580644,medio,2
1994-6,1193.6804467189706,13.493333333333334,67.74999999999999,0.06526666666666665,27.833333333333332,medio,2
1994-7,3624.88844289528,10.800000000000002,64.61290322580645,0.35677419354838713,28.39354838709677,alto,3
1994-8,12576.966328674183,13.16451612903226,58.990322580645156,1.6843548387096776,29.412903225806442,alto,3
1994-9,19972.413682283957,17.24666666666667,52.63999999999999,0.19476666666666667,33.25333333333333,alto,3
1994-10,12925.72886956319,18.016129032258064,74.38387096774194,2.507387096774194,28.745161290322578,alto,3
1994-11,11345.97789440552,21.463333333333335,63.98333333333334,2.7295999999999996,31.49,alto,3
1994-12,35265.740137326444,26.280645161290327,62.30967741935482,1.9673870967741938,31.012903225806458,alto,3
1995-1,38808.294141282255,23.206451612903226,69.61935483870968,3.2701935483870965,28.50645161290322,alto,3
1995-2,14469.896653105001,21.764285714285712,70.38928571428572,5.140035714285714,26.432142857142857,alto,3
1995-3,4947.904382866447,21.48387096774193,68.55806451612902,0.9643870967741937,26.6258064516129,alto,3
1995-4,435.5396400912401,18.56,61.04,0.36666666666666664,30.35666666666667,medio,2
1995-5,515.8481404195957,15.096774193548388,69.73225806451613,0.8978387096774193,24.874193548387098,medio,2
1995-6,777.050302514543,11.849999999999998,66.16000000000001,0.015233333333333333,30.816666666666666,medio,2
1995-7,2359.694061233451,10.980645161290322,55.86129032258064,0.01,28.83225806451613,alto,3
1995-8,8187.229268330594,12.88064516129032,50.72580645161289,0.0,28.299999999999997,alto,3
1995-9,13001.444512576601,17.176666666666666,40.39,0.32866666666666666,32.89333333333333,alto,3
1995-10,8414.263261095115,18.474193548387095,49.81290322580646,2.3849354838709673,34.02580645161291,alto,3
1995-11,7385.892580719117,22.226666666666667,63.193333333333335,6.4481666666666655,32.803333333333335,alto,3
1995-12,22956.943055766038,25.906451612903226,53.34838709677419,1.554935483870968,27.13225806451613,alto,3
1996-1,13752.407522256288,23.33870967741936,66.11290322580645,4.953451612903226,24.8258064516129,alto,3
1996-2,5127.664587729218,21.83103448275862,73.51724137931036,8.06658620689655,31.079310344827594,alto,3
1996-3,1753.3776982470865,21.777419354838713,71.26451612903227,7.5925161290322585,27.77096774193548,alto,3
1996-4,154.34119832286092,17.33,81.86666666666666,5.628933333333333,26.769999999999996,bajo,1
1996-5,182.79994015768838,15.925806451612903,78.1516129032258,0.12751612903225806,26.329032258064515,medio,2
1996-6,275.36156025227035,10.446666666666667,71.27666666666666,0.25366666666666665,27.323333333333327,medio,2
1996-7,836.1994536474666,10.36774193548387,54.37096774193547,0.11764516129032257,26.487096774193546,medio,2
1996-8,2901.289939885678,15.893548387096772,49.66774193548388,0.00016129032258064516,31.338709677419356,alto,3
1996-9,4607.292520099634,15.106666666666664,52.626666666666665,8.504699999999998,29.213333333333328,alto,3
1996-10,2981.743463004628,19.654838709677417,63.08387096774193,1.765548387096774,29.558064516129033,alto,3
1996-11,2617.3220682124634,22.24666666666667,55.88666666666666,9.041733333333335,31.953333333333333,alto,3
1996-12,8135.200048184718,23.106451612903225,68.2741935483871,8.189774193548388,31.922580645161286,alto,3
1997-1,7050.945834780818,24.558064516129033,73.2741935483871,4.807451612903225,26.416129032258063,alto,3
1997-2,2628.9858854524896,21.889285714285716,70.92142857142856,3.3756785714285718,29.53928571428571,alto,3
1997-3,898.9677740603008,21.44516129032258,72.19354838709677,1.3658064516129034,23.109677419354842,medio,2
1997-4,79.13170313550397,19.936666666666664,56.93333333333333,0.37950000000000006,28.45666666666666,bajo,1
1997-5,93.7226790703458,16.625806451612902,59.487096774193546,0.06267741935483871,30.412903225806453,bajo,1
1997-6,141.179603874984,11.449999999999998,64.81,0.5035666666666667,24.039999999999996,bajo,1
1997-7,428.72471930458573,13.419354838709676,62.316129032258054,0.36051612903225805,27.738709677419354,medio,2
1997-8,1487.5096003388476,14.170967741935486,55.590322580645164,0.0008064516129032258,27.612903225806452,alto,3
1997-9,2362.187853409652,16.419999999999998,58.083333333333336,0.6701333333333334,31.02,alto,3
1997-10,1528.7586276681316,17.703225806451616,70.9483870967742,4.306451612903226,30.377419354838704,alto,3
1997-11,1341.9174864674771,20.27333333333333,69.25333333333334,3.806666666666666,28.89,medio,2
1997-12,4170.968232436864,22.70967741935484,72.6064516129032,11.033806451612906,30.693548387096776,alto,3
1998-1,2798.7299970856016,22.454838709677418,73.3741935483871,3.390322580645161,28.103225806451608,alto,3
1998-2,1043.522646739954,20.10714285714286,79.87142857142858,6.978571428571429,22.753571428571426,medio,2
1998-3,356.82703209335403,19.312903225806455,75.85806451612903,1.941935483870968,21.79032258064516,medio,2
1998-4,31.409725230528903,16.673333333333332,75.07333333333331,1.8833333333333333,23.206666666666663,bajo,1
1998-5,37.201317308028585,14.638709677419355,77.49032258064516,1.7419354838709677,24.596774193548388,bajo,1
1998-6,56.038381459763826,11.746666666666666,79.64000000000003,0.92,21.896666666666665,bajo,1
1998-7,170.17358529278047,12.90322580645161,71.95806451612903,0.06451612903225806,23.6,bajo,1
1998-8,590.4367778412469,12.761290322580647,67.42903225806452,0.0,25.525806451612905,medio,2
1998-9,937.622577027547,13.93,65.56666666666668,0.9166666666666666,29.856666666666666,medio,2
1998-10,606.8097429500705,19.4741935483871,60.41290322580646,11.618612903225806,31.496774193548383,medio,2
1998-11,532.6469399983679,20.283333333333324,70.83666666666666,2.0342000000000002,26.62666666666667,medio,2
1998-12,1655.581276972756,23.045161290322575,58.758064516129025,3.5992580645161287,28.56774193548387,alto,3
1999-1,7080.466294089989,22.041935483870972,69.8516129032258,1.6838064516129032,22.590322580645157,alto,3
1999-2,2639.992759235728,24.04285714285714,67.45,0.12189285714285714,28.217857142857145,alto,3
1999-3,902.7315161477095,20.667741935483864,81.88064516129033,2.779548387096774,22.570967741935483,medio,2
1999-4,79.46300680414855,15.783333333333335,75.11333333333333,0.7152666666666666,21.883333333333336,bajo,1
1999-5,94.1150713250409,14.225806451612904,75.47096774193548,0.02325806451612903,21.587096774193547,bajo,1
1999-6,141.7706858162064,10.640000000000004,73.82666666666667,3.3962666666666674,21.183333333333334,bajo,1
1999-7,430.5196771623864,9.796774193548385,69.13548387096773,0.007129032258064517,24.483870967741936,medio,2
1999-8,1493.7374125583367,13.793548387096774,51.96774193548386,0.0008387096774193548,32.567741935483866,alto,3
1999-9,2372.0777138682615,16.95,65.36666666666666,1.2038,30.526666666666664,alto,3
1999-10,1535.1591387370163,17.858064516129033,64.96774193548387,4.799677419354839,25.393548387096775,alto,3
1999-11,1347.5357427246902,19.970000000000002,62.34333333333333,7.122633333333332,25.759999999999994,medio,2
1999-12,4188.430981530486,22.08064516129032,63.69354838709677,9.853548387096772,24.85806451612903,alto,3
2000-1,6550.98670107211,23.003225806451614,70.98709677419356,3.2316774193548383,24.532258064516125,alto,3
2000-2,2442.5732343525956,21.137931034482758,77.21379310344827,5.734241379310345,26.32413793103448,alto,3
2000-3,835.2249571272582,19.36451612903226,81.58064516129032,6.5690322580645155,26.109677419354842,medio,2
2000-4,73.52073707852944,18.059999999999995,81.12000000000002,4.583833333333333,22.46666666666666,bajo,1
2000-5,87.07711540628655,12.919354838709678,77.03225806451611,2.164129032258065,24.877419354838707,bajo,1
2000-6,131.16902740700158,10.753333333333334,72.61999999999999,0.1656,27.913333333333334,bajo,1
2000-7,398.3252744236292,8.438709677419354,60.896774193548396,0.5166774193548387,27.18064516129032,medio,2
2000-8,1382.0352386581335,12.332258064516129,56.00322580645162,0.10529032258064515,28.1258064516129,medio,2
2000-9,2194.6929639974664,15.070000000000002,53.180000000000014,0.5347666666666666,33.23333333333333,alto,3
2000-10,1420.3594345601007,18.341935483870966,67.59354838709676,2.8402580645161293,28.967741935483875,medio,2
2000-11,1246.7665776726003,19.137931034482758,72.4241379310345,7.120655172413793,28.375862068965517,medio,2
2000-12,3875.2187382442885,22.812903225806448,69.69032258064516,5.765999999999999,28.51612903225806,alto,3
2001-1,6105.338864006404,23.322580645161295,75.05483870967743,6.174161290322581,30.94838709677419,alto,3
2001-2,2276.41086394423,24.675,70.24285714285715,4.362892857142858,26.189285714285717,alto,3
2001-3,778.4066162281468,21.59032258064516,81.80967741935486,7.956032258064515,23.277419354838706,medio,2
2001-4,68.51929852376011,16.97,76.90333333333334,5.4196333333333335,23.783333333333335,bajo,1
2001-5,81.15346910543515,12.841935483870966,80.51290322580643,0.9537096774193548,23.283870967741937,bajo,1
2001-6,122.24591459647243,11.196666666666664,75.05999999999999,0.8963333333333333,22.113333333333337,bajo,1
2001-7,371.2281659885833,10.73225806451613,61.34838709677421,0.13141935483870967,26.741935483870964,medio,2
2001-8,1288.0187121468236,13.945161290322579,64.7967741935484,0.8933225806451612,28.480645161290322,medio,2
2001-9,2045.3932909774117,14.1,70.84,4.0212666666666665,25.883333333333333,alto,3
2001-10,1323.7358053648243,18.14516129032258,74.3225806451613,2.56358064516129,28.90645161290322,medio,2
2001-11,1161.9520521638435,19.95,67.24666666666667,3.450733333333333,29.106666666666673,medio,2
2001-12,3611.596946954065,22.706451612903226,65.59354838709677,2.943548387096774,26.845161290322583,alto,3
2002-1,8168.596772711906,22.525806451612905,71.33225806451613,5.945967741935485,26.906451612903226,alto,3
2002-2,3045.708493955538,21.75,71.22857142857144,3.625428571428572,24.189285714285713,alto,3
2002-3,1041.4638588964922,21.4741935483871,80.26451612903227,4.658354838709678,24.32903225806452,medio,2
2002-4,91.67493127848824,16.493333333333332,74.49000000000001,2.2639666666666667,24.123333333333335,bajo,1
2002-5,108.57873421853324,15.154838709677419,75.37419354838711,0.5373870967741935,25.051612903225806,bajo,1
2002-6,163.5580932840606,9.103333333333333,68.06666666666666,0.10256666666666667,23.52666666666666,bajo,1
2002-7,496.68220981336196,10.529032258064515,71.7258064516129,1.0891935483870967,23.458064516129035,medio,2
2002-8,1723.295910283163,13.438709677419356,65.81290322580647,4.2345483870967735,27.81935483870968,alto,3
2002-9,2736.6200972243273,15.446666666666665,55.8,0.18906666666666666,31.14333333333333,alto,3
2002-10,1771.0833531901003,19.84516129032258,65.6,2.639322580645161,33.76774193548387,alto,3
2002-11,1554.6258765927184,22.023333333333337,62.64666666666666,8.270233333333332,35.05333333333333,alto,3
2002-12,4832.111668551311,21.951612903225815,72.34516129032258,5.280064516129033,24.758064516129032,alto,3
2003-1,16339.098091185693,24.109677419354835,68.71935483870968,4.420645161290322,27.629032258064512,alto,3
2003-2,6092.127108800317,22.464285714285715,65.75714285714285,6.873607142857144,25.721428571428568,alto,3
2003-3,2083.1705398631398,20.735483870967737,75.55806451612902,6.1647096774193555,23.232258064516127,alto,3
2003-4,183.3712369872116,16.720000000000002,78.23666666666668,6.1581,20.69333333333333,medio,2
2003-5,217.18278406640164,14.43225806451613,72.4516129032258,0.11183870967741935,22.932258064516123,medio,2
2003-6,327.1543208869097,12.593333333333335,76.01333333333332,0.4925333333333333,22.240000000000002,medio,2
2003-7,993.4802233594852,10.1,60.49677419354839,0.5317741935483871,24.667741935483868,medio,2
2003-8,3446.9936149030673,11.822580645161288,51.23225806451614,0.0035483870967741938,30.01612903225807,alto,3
2003-9,5473.878249962113,15.533333333333331,45.12333333333333,0.34523333333333334,31.236666666666668,alto,3
2003-10,3542.579642578193,20.04193548387097,50.50645161290323,2.414806451612903,34.29354838709676,alto,3
2003-11,3109.6142213310636,22.34666666666667,49.846666666666664,3.111233333333333,36.10333333333333,alto,3
2003-12,9665.349966076403,21.277419354838706,59.87419354838709,4.809645161290323,32.145161290322584,alto,3
2004-1,1460.1517507762014,24.94193548387097,59.73548387096774,1.5830000000000002,26.541935483870965,medio,2
2004-2,544.4260150849256,22.02068965517242,65.5551724137931,1.822586206896552,24.07931034482759,medio,2
2004-3,186.16358711913674,21.829032258064515,64.84838709677419,4.178677419354839,28.783870967741933,medio,2
2004-4,16.387063180269134,17.89666666666667,76.26999999999998,1.143333333333333,25.819999999999997,bajo,1
2004-5,19.40864915696172,11.306451612903226,73.78709677419354,0.957516129032258,20.79032258064516,bajo,1
2004-6,29.23631107121624,11.81,62.153333333333336,0.0,25.919999999999998,bajo,1
2004-7,88.78286178368947,11.219354838709679,58.754838709677415,0.9281612903225807,26.483870967741936,bajo,1
2004-8,308.0423248349479,12.53225806451613,61.464516129032255,2.966032258064516,26.15483870967742,medio,2
2004-9,489.1758936516634,17.043333333333333,43.086666666666666,0.13333333333333333,30.036666666666665,medio,2
2004-10,316.58441846096457,18.70645161290323,50.054838709677426,2.558064516129032,34.58709677419355,medio,2
2004-11,277.89224498043467,20.646666666666665,59.336666666666666,4.7433999999999985,30.19333333333333,medio,2
2004-12,863.7488798995892,22.7483870967742,64.62258064516128,5.104935483870968,28.69677419354839,medio,2
2005-1,1227.162319239303,23.93225806451613,65.23870967741935,6.184322580645161,29.361290322580647,medio,2
2005-2,457.5545596344179,22.153571428571432,74.17142857142858,2.932321428571428,19.95,medio,2
2005-3,156.45835387012664,20.387096774193548,70.5,4.58358064516129,27.274193548387093,bajo,1
2005-4,13.772257881504451,15.890000000000004,67.92333333333333,1.3786666666666667,23.979999999999997,bajo,1
2005-5,16.311703834959566,14.19032258064516,63.79677419354838,0.009548387096774193,28.048387096774196,bajo,1
2005-6,24.571212739417824,12.039999999999997,73.92666666666668,0.016133333333333333,22.246666666666666,bajo,1
2005-7,74.61620514255294,11.73225806451613,66.1,0.9643225806451613,25.00645161290322,bajo,1
2005-8,258.88948430693665,12.66451612903226,57.81935483870967,0.2885161290322581,28.57741935483871,medio,2
2005-9,411.1204358385501,13.51,50.926666666666655,0.3932,30.803333333333335,medio,2
2005-10,266.06855690654106,17.400000000000002,52.048387096774185,2.3816774193548387,28.180645161290318,medio,2
2005-11,233.550308498774,21.6,55.816666666666656,3.6965000000000003,30.85666666666667,medio,2
2005-12,725.9246021069156,22.390322580645165,61.58387096774193,4.041451612903225,28.65806451612903,medio,2
2006-1,7458.8360521172135,24.345161290322583,65.32903225806453,6.779387096774194,27.86451612903226,alto,3
2006-2,2781.070109231648,22.06785714285714,71.37857142857143,10.479357142857143,23.478571428571424,alto,3
2006-3,950.9721674185814,20.070967741935487,69.0225806451613,1.564967741935484,27.716129032258063,medio,2
2006-4,83.70939361086177,18.41,67.98,3.5317333333333334,27.610000000000003,bajo,1
2006-5,99.1444430196275,12.512903225806454,61.503225806451624,0.29170967741935483,26.022580645161284,bajo,1
2006-6,149.34670381553028,12.653333333333334,71.36999999999998,0.7355666666666667,25.66,bajo,1
2006-7,453.52601873763814,13.235483870967743,62.50967741935484,0.12316129032258065,26.635483870967743,medio,2
2006-8,1573.5605541242624,12.24516129032258,49.71612903225807,0.0,27.14838709677419,alto,3
2006-9,2498.8380758753883,16.469999999999995,33.63666666666667,0.7071333333333333,32.696666666666665,alto,3
2006-10,1617.1957967382054,20.564516129032253,52.809677419354834,1.6726451612903228,32.941935483870964,alto,3
2006-11,1419.5460809891856,21.06,57.00333333333334,7.664133333333334,31.42333333333333,medio,2
2006-12,4412.254604321858,23.361290322580643,68.07096774193548,8.597129032258065,30.92258064516129,alto,3
2007-1,1387.4615875310383,22.658064516129034,74.02580645161292,6.160483870967742,23.258064516129032,medio,2
2007-2,517.3230678122195,21.94642857142858,72.68928571428572,2.6938214285714284,26.08214285714286,medio,2
2007-3,176.89587810820578,20.448387096774194,78.58387096774193,6.84332258064516,23.077419354838707,medio,2
2007-4,15.571272426294867,18.166666666666664,72.70333333333333,1.603333333333333,26.459999999999994,bajo,1
2007-5,18.442435970669496,11.345161290322583,67.20645161290322,0.5064516129032258,22.045161290322575,bajo,1
2007-6,27.78085123745352,9.936666666666667,61.04333333333332,1.8,21.759999999999994,bajo,1
2007-7,84.36301931663189,8.609677419354838,54.33225806451612,0.025806451612903226,24.877419354838707,bajo,1
2007-8,292.70717431599076,9.161290322580644,49.70645161290324,0.0,27.34838709677419,medio,2
2007-9,464.82344155465665,16.176666666666666,60.3,5.3025,29.25333333333333,medio,2
2007-10,300.82402023758175,19.090322580645157,63.19354838709679,0.4483870967741936,29.916129032258066,medio,2
2007-11,264.05804408901736,21.50333333333333,48.14000000000001,0.8033333333333333,32.78666666666666,medio,2
2007-12,820.7492074002402,23.748387096774195,49.809677419354834,2.717129032258064,27.39677419354838,medio,2
2008-1,4952.771253774145,24.01290322580645,62.97419354838709,4.48025806451613,26.98064516129032,alto,3
2008-2,1846.6693724717595,22.317241379310342,73.08275862068965,9.030103448275861,22.900000000000002,alto,3
2008-3,631.4587934391066,20.593548387096774,74.74193548387095,3.863612903225806,21.6,medio,2
2008-4,55.584205826465066,17.71,64.01333333333334,0.7157333333333332,23.360000000000003,bajo,1
2008-5,65.83329408610298,14.412903225806453,58.94516129032258,0.16038709677419352,22.40967741935484,bajo,1
2008-6,99.16829600960587,10.213333333333333,55.96000000000001,0.0052,22.99666666666667,bajo,1
2008-7,301.1476070458493,13.85483870967742,61.36451612903226,0.0,25.793548387096767,medio,2
2008-8,1044.8661726955854,13.44838709677419,41.490322580645156,3.458838709677419,31.81612903225807,medio,2
2008-9,1659.263362749327,15.213333333333333,45.03,1.5239333333333334,30.216666666666676,alto,3
2008-10,1073.8405828796588,19.164516129032254,54.0,1.2181935483870967,29.316129032258058,medio,2
2008-11,942.5984127021135,22.633333333333333,54.720000000000006,3.7976,33.123333333333335,medio,2
2008-12,2929.7986463202806,23.093548387096774,60.516129032258064,2.808096774193548,23.564516129032253,alto,3
2009-1,6946.513242170955,22.748387096774195,58.95483870967743,2.1268709677419357,25.770967741935486,alto,3
2009-2,2590.0475900257634,23.142857142857142,60.99642857142857,1.4871071428571427,26.942857142857143,alto,3
2009-3,885.65303054678,23.003225806451614,61.64516129032258,8.221,22.945161290322584,medio,2
2009-4,77.95967187761082,21.189999999999998,57.55666666666665,2.827933333333333,26.740000000000002,bajo,1
2009-5,92.33453872846745,15.69032258064516,64.88064516129033,0.5980322580645161,22.51935483870968,bajo,1
2009-6,139.0885720614122,11.736666666666668,52.24,0.0,26.986666666666668,bajo,1
2009-7,422.37481462483925,9.912903225806451,49.26774193548387,3.1965483870967746,26.841935483870962,medio,2
2009-8,1465.4778775408697,15.98709677419355,37.009677419354844,0.0,32.225806451612904,alto,3
2009-9,2327.201142755,13.856666666666666,51.559999999999995,0.5230333333333334,31.30333333333333,alto,3
2009-10,1506.1159594782062,20.316129032258065,34.980645161290326,0.3354838709677419,36.78709677419356,alto,3
2009-11,1322.0421498156156,22.936666666666667,54.366666666666674,3.9052333333333333,33.86,medio,2
2009-12,4109.19141037448,22.332258064516125,69.43870967741935,7.5902258064516115,28.083870967741934,alto,3
2010-1,708.8084477137517,24.590322580645157,62.254838709677415,2.6583225806451614,30.183870967741935,medio,2
2010-2,264.2833242792693,22.99642857142857,80.21785714285714,5.707000000000001,25.49285714285714,medio,2
2010-3,90.3702804428331,22.33225806451613,74.09677419354838,13.466677419354838,23.92903225806451,bajo,1
2010-4,7.954850452508908,16.60333333333333,66.28333333333333,1.2551999999999999,22.643333333333334,bajo,1
2010-5,9.421633384238156,13.203225806451611,64.6258064516129,0.9662258064516128,23.516129032258068,bajo,1
2010-6,14.192322309136058,11.479999999999999,62.91,0.2094,23.423333333333336,bajo,1
2010-7,43.09828920934317,9.63225806451613,50.567741935483866,0.01,28.7258064516129,bajo,1
2010-8,149.53445899053017,11.541935483870969,49.15161290322582,0.0013548387096774194,27.277419354838706,bajo,1
2010-9,237.46299359220964,15.43,54.92333333333333,2.348066666666667,30.290000000000003,medio,2
2010-10,153.68108835289866,17.280645161290323,55.63870967741935,1.3110967741935484,30.519354838709678,bajo,1
2010-11,134.8985615307197,20.866666666666667,52.66,1.4557000000000002,28.51333333333333,bajo,1
2010-12,419.29374974256143,24.46451612903226,50.667741935483875,6.6664516129032245,28.12580645161291,medio,2
2011-1,7798.797470613151,24.674193548387098,58.896774193548396,2.628774193548387,27.63548387096774,alto,3
2011-2,2907.826687961204,21.996428571428574,70.69642857142857,6.023678571428571,24.49642857142857,alto,3
2011-3,994.3159069413196,20.62258064516129,64.26774193548388,1.3554193548387097,26.548387096774196,medio,2
2011-4,87.52472940783312,18.903333333333332,57.45333333333334,0.9067666666666667,25.93,bajo,1
2011-5,103.66328285595489,14.609677419354838,63.89032258064516,0.006709677419354838,26.79032258064516,bajo,1
2011-6,156.15367971928518,10.58,65.44333333333334,0.6126666666666668,22.720000000000002,bajo,1
2011-7,474.1969850355363,10.680645161290323,53.63870967741936,2.1098387096774194,25.361290322580647,medio,2
2011-8,1645.280843232573,11.899999999999999,51.19032258064516,0.14583870967741935,29.91935483870968,alto,3
2011-9,2612.7309850277647,17.850000000000005,35.85666666666667,0.058833333333333335,35.97333333333333,alto,3
2011-10,1690.9049080798777,18.083870967741937,61.477419354838695,4.120064516129032,29.664516129032254,alto,3
2011-11,1484.2466449835433,22.403333333333332,58.11333333333334,4.678333333333334,32.55,alto,3
2011-12,4613.3578761419585,23.674193548387098,52.00645161290322,3.66141935483871,25.309677419354838,alto,3
2012-1,1281.1244491592934,25.283870967741937,54.896774193548396,4.644709677419354,29.64193548387097,medio,2
2012-2,477.6746514962521,23.68275862068965,72.96896551724137,4.7634827586206905,26.772413793103443,medio,2
2012-3,163.33831252452953,21.703225806451616,68.75806451612904,1.4435161290322582,27.70645161290323,bajo,1
2012-4,14.37786673816657,18.17666666666667,68.50666666666667,2.8854,24.636666666666667,bajo,1
2012-5,17.028979999455977,16.35806451612903,65.61935483870967,0.2543870967741936,28.12258064516129,bajo,1
2012-6,25.651685105093204,12.01,55.30333333333335,0.0,25.283333333333335,bajo,1
2012-7,77.89731090412407,9.9,45.99999999999999,0.0,24.661290322580644,bajo,1
2012-8,270.2736571812717,13.593548387096776,57.58387096774194,0.9398064516129032,28.62903225806452,medio,2
2012-9,429.19867538654637,15.763333333333334,63.506666666666675,2.8787666666666665,31.67,medio,2
2012-10,277.76841584966365,17.774193548387096,70.19354838709677,4.4599032258064515,32.89677419354839,medio,2
2012-11,243.8202392915292,21.38,60.269999999999996,2.5032666666666668,28.459999999999997,medio,2
2012-12,757.8457563640743,23.28064516129032,59.70967741935484,3.2489354838709676,32.12903225806452,medio,2
2013-1,8132.410403236148,23.35483870967742,61.599999999999994,1.7517096774193548,28.23870967741935,alto,3
2013-2,3032.216197059955,21.525,69.86428571428571,5.903142857142858,31.164285714285715,alto,3
2013-3,1036.8502395635398,18.651612903225804,71.61290322580646,2.898387096774193,22.474193548387095,medio,2
2013-4,91.2688171040207,18.150000000000002,65.05666666666667,2.913333333333333,25.54666666666667,bajo,1
2013-5,108.09773726116505,13.767741935483869,66.77741935483871,2.1367741935483875,22.70967741935484,bajo,1
2013-6,162.83354122707829,11.28,60.80333333333333,0.12639999999999998,23.043333333333333,bajo,1
2013-7,494.48193889089663,10.458064516129033,55.35483870967741,0.0,25.525806451612905,medio,2
2013-8,1715.6618178850795,11.706451612903225,40.16129032258065,0.07645161290322582,28.187096774193545,alto,3
2013-9,2724.497042468612,14.239999999999998,45.589999999999996,0.10233333333333333,30.119999999999997,alto,3
2013-10,1763.2375654282416,19.206451612903223,51.41612903225806,0.847,31.041935483870972,alto,3
2013-11,1547.738981825812,20.42,61.11666666666667,8.089633333333333,30.923333333333336,alto,3
2013-12,4810.705718049451,25.17741935483871,59.0516129032258,3.5725161290322576,28.574193548387097,alto,3
2014-1,0.0,24.31935483870968,59.493548387096766,2.160451612903226,27.470967741935482,bajo,1
2014-2,0.0,20.892857142857135,83.66785714285713,12.955857142857141,22.246428571428574,bajo,1
2014-3,0.0,17.7741935483871,77.27741935483873,3.0807419354838714,23.12258064516129,bajo,1
2014-4,0.0,16.84,75.08333333333333,3.2023333333333333,22.316666666666663,bajo,1
2014-5,0.0,13.635483870967741,80.70000000000002,0.6287096774193549,21.75483870967742,bajo,1
2014-6,0.0,10.71,70.82666666666667,0.022233333333333334,25.413333333333334,bajo,1
2014-7,0.0,11.196774193548384,61.445161290322574,0.1254838709677419,25.41290322580645,bajo,1
2014-8,0.0,13.622580645161293,53.89032258064516,0.0,31.809677419354834,bajo,1
2014-9,0.0,15.81333333333333,57.49333333333333,1.0618333333333334,30.663333333333334,bajo,1
2014-10,0.0,20.258064516129032,58.554838709677426,3.524612903225806,29.08709677419355,bajo,1
2014-11,0.0,19.86666666666667,59.31000000000001,3.7777,28.839999999999996,bajo,1
2014-12,0.0,22.05483870967742,61.174193548387095,2.297838709677419,26.922580645161286,bajo,1
2015-1,228.54549142584023,23.29354838709677,73.71935483870968,7.005774193548388,26.00322580645161,medio,2
2015-2,85.21450670894487,20.810714285714283,82.33928571428571,14.580214285714288,22.442857142857143,bajo,1
2015-3,29.138648418647488,20.354838709677423,81.29354838709679,3.0636774193548386,21.519354838709678,bajo,1
2015-4,2.5649316282160384,19.466666666666665,73.78,1.7834666666666668,25.253333333333334,bajo,1
2015-5,3.037875520220095,15.458064516129031,77.14516129032258,0.4878387096774194,23.929032258064517,bajo,1
2015-6,4.57611825462515,11.969999999999999,66.73666666666666,0.0223,20.920000000000005,bajo,1
2015-7,13.896447931360091,10.709677419354838,65.06774193548387,0.36245161290322586,25.787096774193554,bajo,1
2015-8,48.21532040894837,13.751612903225807,68.2258064516129,0.8611290322580644,27.045161290322586,bajo,1
2015-9,76.56666161504296,14.543333333333331,60.606666666666676,0.6012000000000001,24.75333333333333,bajo,1
2015-10,49.552343759107494,15.816129032258067,63.67741935483871,0.6042903225806452,27.558064516129033,bajo,1
2015-11,43.496177475198465,19.096666666666668,65.78000000000002,3.967766666666667,27.01,bajo,1
2015-12,135.19547685384876,22.651612903225807,67.09032258064515,3.686032258064516,25.861290322580643,bajo,1
2016-1,100.52827379800499,23.867741935483874,70.52903225806452,4.252967741935484,24.006451612903223,bajo,1
2016-2,37.482547603781725,23.110344827586207,81.79310344827586,8.189068965517242,25.024137931034478,bajo,1
2016-3,12.816958269702305,19.022580645161288,78.53225806451613,2.4458709677419357,21.79677419354838,bajo,1
2016-4,1.128213675911138,15.216666666666665,83.12999999999998,5.377066666666667,22.01333333333333,bajo,1
2016-5,1.3362433017412558,11.796774193548389,82.19032258064516,0.4707741935483871,19.761290322580642,bajo,1
2016-6,2.012856460055257,8.096666666666668,76.68666666666668,2.089733333333333,18.953333333333333,bajo,1
2016-7,6.112507027585751,8.851612903225808,76.66774193548387,0.051258064516129034,20.638709677419353,bajo,1
2016-8,21.208044407658264,13.241935483870966,57.1225806451613,0.027516129032258065,25.648387096774186,bajo,1
2016-9,33.67869685206126,14.823333333333332,51.57,0.031599999999999996,26.673333333333343,bajo,1
2016-10,21.796148984040755,16.56451612903226,67.78064516129034,2.6212903225806454,27.990322580645167,bajo,1
2016-11,19.13227695332688,19.86666666666667,56.89333333333334,3.0602666666666662,26.106666666666662,bajo,1
2016-12,59.467232666130414,22.88064516129032,60.4,4.967064516129032,26.770967741935483,bajo,1
2017-1,3784.3959137182674,23.906451612903226,66.76451612903226,2.0813225806451614,25.906451612903226,alto,3
2017-2,1411.033877618587,22.521428571428576,77.96428571428571,6.5202857142857145,21.749999999999996,medio,2
2017-3,482.49554746777653,20.138709677419357,74.36451612903227,1.5236451612903226,22.761290322580646,medio,2
2017-4,42.47170535821841,16.386666666666667,73.71666666666665,1.1665999999999999,21.15333333333333,bajo,1
2017-5,50.30299934328892,13.558064516129033,76.60645161290323,1.5083225806451612,20.0741935483871,bajo,1
2017-6,75.77416257679441,11.353333333333332,69.05666666666666,6.770433333333333,22.503333333333334,bajo,1
2017-7,230.10587712119624,11.709677419354838,65.41290322580645,0.010774193548387096,24.738709677419354,medio,2
2017-8,798.3787402493949,13.748387096774193,58.45483870967742,0.13961290322580644,27.648387096774194,medio,2
2017-9,1267.8375737595352,14.180000000000001,63.113333333333344,5.902399999999999,28.12,medio,2
2017-10,820.5179899511547,17.7741935483871,54.46451612903226,1.579161290322581,31.035483870967745,medio,2
2017-11,720.2362876316822,21.35666666666667,49.76,1.8775666666666666,29.803333333333335,medio,2
2017-12,2238.649325204105,23.69354838709678,58.4258064516129,2.449225806451613,29.225806451612904,alto,3
2018-1,809.1145245062038,23.18064516129032,60.91290322580645,3.0297741935483873,24.290322580645157,medio,2
2018-2,301.6830244459729,22.453571428571433,63.28571428571429,2.492285714285714,23.95714285714286,medio,2
2018-3,103.15890947101728,20.845161290322583,52.83548387096774,0.09996774193548388,27.82903225806452,bajo,1
2018-4,9.080570444892613,20.506666666666664,73.50666666666667,0.6165,24.51666666666667,bajo,1
2018-5,10.75492319589031,15.035483870967745,77.86774193548388,4.168290322580646,24.845161290322583,bajo,1
2018-6,16.200729765332653,9.336666666666666,62.44666666666668,0.0,22.96666666666666,bajo,1
2018-7,49.1972858014401,8.203225806451613,64.25161290322579,0.006129032258064516,20.425806451612896,bajo,1
2018-8,170.69562739223528,11.958064516129031,45.019354838709674,0.025129032258064517,32.0741935483871,bajo,1
2018-9,271.0672506343674,17.926666666666666,60.596666666666664,0.6992666666666666,27.933333333333337,medio,2
2018-10,175.4290614471736,17.60967741935484,64.23225806451613,1.6871290322580643,24.961290322580645,medio,2
2018-11,153.98855053372347,21.330000000000002,65.48999999999998,4.2923,29.74,bajo,1
2018-12,478.6295423617506,22.854838709677423,64.30000000000001,3.8937741935483876,29.235483870967748,medio,2
2019-1,880.7889300116965,22.758064516129032,80.36451612903227,7.748516129032258,27.790322580645164,medio,2
2019-2,328.4072405777504,22.217857142857145,74.56071428571431,1.5153214285714285,23.717857142857145,medio,2
2019-3,112.29711337786534,18.777419354838706,80.13870967741936,3.900645161290323,21.86451612903226,bajo,1
2019-4,9.884961502741477,17.563333333333333,75.67,2.3705,22.543333333333337,bajo,1
2019-5,11.70763471320378,13.754838709677419,79.07419354838709,0.7728387096774194,21.03225806451613,bajo,1
2019-6,17.635851295741485,11.589999999999998,72.61666666666666,0.26056666666666667,26.023333333333337,bajo,1
2019-7,53.55536627769165,10.509677419354837,66.01935483870969,0.034967741935483874,26.374193548387094,bajo,1
2019-8,185.81648759826382,12.409677419354837,51.629032258064505,0.0,28.541935483870965,medio,2
2019-9,295.0794064575295,14.793333333333331,48.78000000000001,0.22863333333333333,29.610000000000007,medio,2
2019-10,190.96922703162707,17.706451612903226,61.451612903225815,1.7530967741935486,26.574193548387093,medio,2
2019-11,167.62943508080656,22.21333333333333,63.440000000000005,3.8173,28.246666666666673,bajo,1
2019-12,521.0283460750827,23.312903225806455,57.67741935483871,7.402935483870968,26.093548387096778,medio,2
2020-1,14600.517621237026,23.570967741935487,69.07741935483871,1.9884193548387095,24.154838709677414,alto,3
2020-2,5443.887337382404,21.741379310344822,74.3206896551724,8.368379310344828,23.37931034482759,alto,3
2020-3,1861.5083896045355,21.61935483870968,76.88709677419355,3.100612903225807,23.35483870967742,alto,3
2020-4,163.8594102268179,17.88,66.66,0.9897666666666666,22.836666666666666,bajo,1
2020-5,194.07320086421623,13.912903225806454,58.44193548387098,0.0,21.183870967741942,medio,2
2020-6,292.34309019479844,10.673333333333336,61.49,0.0,23.443333333333335,medio,2
2020-7,887.767820877195,9.783870967741938,61.12903225806453,0.00025806451612903227,17.709677419354843,medio,2
2020-8,3080.21230632269,14.69032258064516,43.06129032258065,0.0,22.538709677419355,alto,3
2020-9,4891.423957372068,17.076666666666664,47.086666666666666,0.21423333333333336,26.256666666666664,alto,3
2020-10,3165.6273931056994,19.412903225806453,50.6483870967742,1.3587741935483872,22.929032258064517,alto,3
2020-11,2778.732154027892,23.50666666666666,50.806666666666665,1.3540999999999999,23.42333333333334,alto,3
2020-12,8636.897318784657,24.793548387096774,48.34516129032257,3.1188387096774193,25.480645161290322,alto,3
2021-1,10177.416415056947,23.716129032258063,64.88709677419354,6.12774193548387,21.161290322580644,alto,3
2021-2,3794.7085018827015,22.442857142857143,71.64642857142857,1.7709999999999997,18.646428571428572,alto,3
2021-3,1297.5804373928959,21.483870967741936,71.74838709677418,4.19241935483871,17.961290322580645,medio,2
2021-4,114.21961156899546,19.946666666666665,71.24000000000001,1.3720333333333332,20.759999999999998,bajo,1
2021-5,135.2803942598011,14.55483870967742,64.51290322580645,1.550483870967742,17.787096774193547,bajo,1
2021-6,203.78026602627625,11.543333333333331,67.12666666666668,0.21566666666666665,19.89,medio,2
2021-7,618.826196943379,12.722580645161289,52.332258064516125,0.00041935483870967743,19.63225806451613,medio,2
2021-8,2147.088486960982,14.587096774193547,48.345161290322565,0.0,22.448387096774194,alto,3
2021-9,3409.609150044882,17.486666666666665,56.919999999999995,0.7809333333333333,23.85666666666667,alto,3
2021-10,2206.6278080227557,20.88064516129032,43.183870967741946,1.7726774193548385,25.519354838709678,alto,3
2021-11,1936.9391531924316,21.74333333333333,58.90999999999999,6.099633333333333,24.683333333333334,alto,3
2021-12,6020.423578647952,25.690322580645162,55.9,2.4487096774193553,20.954838709677418,alto,3
